tailing0.jpg,177,174,222,225,tailing
tailing1.jpg,186,191,213,208,tailing
tailing2.jpg,171,171,228,228,tailing
tailing3.jpg,196,166,220,191,tailing
tailing3.jpg,179,197,201,233,tailing
tailing4.jpg,181,166,218,233,tailing
tailing5.jpg,138,210,176,278,tailing
tailing5.jpg,98,268,187,320,tailing
tailing5.jpg,233,69,316,156,tailing
tailing5.jpg,163,164,212,209,tailing
tailing6.jpg,86,275,100,302,tailing
tailing6.jpg,52,287,69,334,tailing
tailing7.jpg,110,257,134,296,tailing
tailing8.jpg,238,197,323,274,tailing
tailing8.jpg,174,220,203,234,tailing
tailing7.jpg,168,125,196,174,tailing
tailing8.jpg,230,51,341,172,tailing
tailing8.jpg,58,159,143,212,tailing
tailing8.jpg,134,181,303,258,tailing
tailing8.jpg,176,238,288,340,tailing
tailing8.jpg,331,161,340,172,tailing
tailing7.jpg,207,141,238,169,tailing
tailing7.jpg,240,103,289,147,tailing
tailing9.jpg,179,206,327,252,tailing
tailing9.jpg,115,147,300,232,tailing
tailing9.jpg,112,217,300,319,tailing
tailing10.jpg,85,54,152,118,tailing
tailing9.jpg,72,131,154,209,tailing
tailing11.jpg,197,206,290,320,tailing
tailing12.jpg,78,237,123,300,tailing
tailing12.jpg,193,99,321,217,tailing
tailing13.jpg,172,174,227,225,tailing
tailing11.jpg,170,153,255,243,tailing
tailing14.jpg,102,119,205,240,tailing
tailing14.jpg,175,124,302,262,tailing
tailing14.jpg,97,218,144,280,tailing
tailing15.jpg,79,72,213,136,tailing
tailing15.jpg,102,136,215,204,tailing
tailing15.jpg,214,105,303,195,tailing
tailing15.jpg,194,208,320,327,tailing
tailing16.jpg,105,186,149,239,tailing
tailing16.jpg,58,250,171,340,tailing
tailing16.jpg,219,59,341,331,tailing
tailing16.jpg,186,298,212,326,tailing
tailing17.jpg,129,143,143,158,tailing
tailing17.jpg,259,238,270,256,tailing
tailing10.jpg,265,176,285,188,tailing
tailing10.jpg,253,169,269,180,tailing
tailing10.jpg,264,150,314,191,tailing
tailing18.jpg,192,180,199,196,tailing
tailing18.jpg,208,180,217,196,tailing
tailing18.jpg,200,180,207,196,tailing
tailing11.jpg,285,79,321,190,tailing
tailing18.jpg,182,205,197,219,tailing
tailing10.jpg,277,121,288,130,tailing
tailing10.jpg,283,136,290,147,tailing
tailing19.jpg,193,112,274,188,tailing
tailing19.jpg,125,199,185,287,tailing
tailing19.jpg,165,204,230,235,tailing
tailing19.jpg,220,188,261,212,tailing
tailing20.jpg,186,190,213,209,tailing
tailing10.jpg,96,225,131,245,tailing
tailing21.jpg,90,118,309,281,tailing
tailing22.jpg,151,165,248,234,tailing
tailing10.jpg,145,176,306,345,tailing
tailing23.jpg,130,113,269,286,tailing
tailing24.jpg,69,252,164,323,tailing
tailing25.jpg,247,84,338,237,tailing
tailing25.jpg,90,128,217,323,tailing
tailing25.jpg,184,76,264,231,tailing
tailing26.jpg,171,173,228,226,tailing
tailing27.jpg,163,226,219,250,tailing
tailing27.jpg,208,149,236,182,tailing
tailing27.jpg,217,201,233,210,tailing
tailing28.jpg,184,188,215,211,tailing
tailing29.jpg,97,251,116,267,tailing
tailing29.jpg,290,132,302,157,tailing
tailing30.jpg,192,193,207,206,tailing
tailing31.jpg,162,269,206,296,tailing
tailing31.jpg,208,278,237,294,tailing
tailing31.jpg,176,103,185,109,tailing
tailing32.jpg,121,81,290,134,tailing
tailing33.jpg,134,230,155,248,tailing
tailing34.jpg,223,140,238,148,tailing
tailing34.jpg,96,168,173,237,tailing
tailing34.jpg,213,140,303,270,tailing
tailing34.jpg,172,129,223,190,tailing
tailing35.jpg,197,183,243,216,tailing
tailing35.jpg,156,188,182,205,tailing
tailing32.jpg,116,148,213,196,tailing
tailing32.jpg,109,139,274,244,tailing
tailing32.jpg,177,219,308,292,tailing
tailing32.jpg,129,237,212,302,tailing
tailing36.jpg,141,119,153,146,tailing
tailing36.jpg,235,268,258,280,tailing
tailing37.jpg,184,190,215,209,tailing
tailing36.jpg,212,205,221,215,tailing
tailing38.jpg,45,325,69,341,tailing
tailing39.jpg,188,189,211,210,tailing
tailing40.jpg,193,161,216,198,tailing
tailing41.jpg,182,179,217,220,tailing
tailing42.jpg,267,147,312,208,tailing
tailing40.jpg,183,218,194,238,tailing
tailing43.jpg,143,79,175,109,tailing
tailing43.jpg,142,101,243,157,tailing
tailing38.jpg,73,160,109,247,tailing
tailing43.jpg,292,272,305,296,tailing
tailing38.jpg,160,200,171,260,tailing
tailing38.jpg,158,245,190,304,tailing
tailing44.jpg,185,170,214,229,tailing
tailing38.jpg,169,226,194,248,tailing
tailing38.jpg,147,64,329,233,tailing
tailing38.jpg,171,245,195,292,tailing
tailing38.jpg,228,284,263,317,tailing
tailing38.jpg,172,309,180,316,tailing
tailing38.jpg,255,269,272,287,tailing
tailing38.jpg,248,251,274,272,tailing
tailing38.jpg,211,270,253,321,tailing
tailing38.jpg,243,165,284,221,tailing
tailing38.jpg,170,326,194,335,tailing
tailing38.jpg,309,262,342,281,tailing
tailing42.jpg,87,174,167,252,tailing
tailing45.jpg,52,145,347,254,tailing
tailing46.jpg,182,163,217,183,tailing
tailing47.jpg,194,193,205,206,tailing
tailing46.jpg,197,218,215,236,tailing
tailing48.jpg,188,189,211,210,tailing
tailing49.jpg,184,190,215,209,tailing
tailing50.jpg,232,145,272,184,tailing
tailing50.jpg,127,154,258,254,tailing
tailing51.jpg,73,128,101,144,tailing
tailing52.jpg,267,147,306,183,tailing
tailing52.jpg,167,197,279,217,tailing
tailing52.jpg,71,155,147,231,tailing
tailing52.jpg,102,121,183,182,tailing
tailing52.jpg,158,215,280,242,tailing
tailing52.jpg,264,113,317,145,tailing
tailing52.jpg,159,227,277,334,tailing
tailing52.jpg,173,148,286,189,tailing
tailing52.jpg,148,94,188,150,tailing
tailing52.jpg,82,76,138,127,tailing
tailing53.jpg,189,191,210,208,tailing
tailing54.jpg,178,165,221,234,tailing
tailing55.jpg,193,193,206,206,tailing
tailing56.jpg,194,193,205,206,tailing
tailing57.jpg,186,202,196,214,tailing
tailing57.jpg,203,185,213,193,tailing
tailing57.jpg,203,192,211,197,tailing
tailing57.jpg,198,190,201,195,tailing
tailing57.jpg,200,199,205,205,tailing
tailing57.jpg,188,190,199,201,tailing
tailing58.jpg,127,127,188,186,tailing
tailing58.jpg,245,217,272,272,tailing
tailing58.jpg,219,211,239,238,tailing
tailing58.jpg,184,171,228,213,tailing
tailing59.jpg,231,136,246,153,tailing
tailing60.jpg,203,200,227,231,tailing
tailing60.jpg,172,168,198,195,tailing
tailing61.jpg,221,206,253,234,tailing
tailing61.jpg,146,143,222,256,tailing
tailing62.jpg,150,150,208,205,tailing
tailing63.jpg,243,255,264,277,tailing
tailing62.jpg,102,215,143,268,tailing
tailing62.jpg,93,216,129,258,tailing
tailing62.jpg,99,124,154,206,tailing
tailing63.jpg,211,95,224,107,tailing
tailing63.jpg,214,116,227,119,tailing
tailing62.jpg,147,118,204,152,tailing
tailing62.jpg,92,215,119,248,tailing
tailing62.jpg,111,215,161,281,tailing
tailing62.jpg,180,228,206,239,tailing
tailing62.jpg,204,211,209,223,tailing
tailing63.jpg,243,234,278,304,tailing
tailing63.jpg,233,133,238,142,tailing
tailing63.jpg,228,135,232,140,tailing
tailing63.jpg,242,217,292,265,tailing
tailing63.jpg,192,173,203,191,tailing
tailing63.jpg,216,120,227,139,tailing
tailing63.jpg,186,160,203,170,tailing
tailing63.jpg,200,241,209,245,tailing
tailing64.jpg,211,187,233,203,tailing
tailing64.jpg,166,195,204,212,tailing
tailing65.jpg,231,180,298,216,tailing
tailing66.jpg,182,186,217,213,tailing
tailing67.jpg,195,195,204,204,tailing
tailing68.jpg,180,182,219,217,tailing
tailing69.jpg,180,190,219,209,tailing
tailing70.jpg,170,135,192,158,tailing
tailing71.jpg,108,291,128,305,tailing
tailing71.jpg,277,141,291,156,tailing
tailing72.jpg,201,253,209,267,tailing
tailing73.jpg,198,175,203,181,tailing
tailing73.jpg,217,145,226,155,tailing
tailing73.jpg,200,254,212,267,tailing
tailing73.jpg,189,209,202,217,tailing
tailing73.jpg,189,203,195,211,tailing
tailing73.jpg,182,207,190,218,tailing
tailing73.jpg,192,190,197,196,tailing
tailing73.jpg,187,205,197,232,tailing
tailing73.jpg,173,94,199,112,tailing
tailing73.jpg,195,278,201,288,tailing
tailing73.jpg,189,284,205,305,tailing
tailing73.jpg,182,216,186,221,tailing
tailing73.jpg,194,230,211,248,tailing
tailing73.jpg,213,119,221,130,tailing
tailing59.jpg,153,248,170,263,tailing
tailing65.jpg,101,105,112,116,tailing
tailing65.jpg,115,289,121,294,tailing
tailing65.jpg,142,114,161,129,tailing
tailing74.jpg,139,171,148,179,tailing
tailing74.jpg,221,183,245,211,tailing
tailing74.jpg,199,191,208,211,tailing
tailing74.jpg,123,190,130,202,tailing
tailing74.jpg,272,201,276,210,tailing
tailing74.jpg,183,184,190,199,tailing
tailing74.jpg,255,197,264,228,tailing
tailing74.jpg,209,188,220,206,tailing
tailing74.jpg,129,182,142,191,tailing
tailing74.jpg,241,194,249,206,tailing
tailing74.jpg,267,213,274,220,tailing
tailing74.jpg,148,172,162,181,tailing
tailing75.jpg,253,108,263,112,tailing
tailing75.jpg,230,110,243,115,tailing
tailing75.jpg,222,116,226,118,tailing
tailing75.jpg,136,282,149,291,tailing
tailing76.jpg,177,171,222,228,tailing
tailing77.jpg,94,224,105,238,tailing
tailing77.jpg,168,221,236,282,tailing
tailing77.jpg,249,232,306,283,tailing
tailing77.jpg,185,174,231,224,tailing
tailing77.jpg,90,233,164,280,tailing
tailing77.jpg,133,209,181,233,tailing
tailing77.jpg,107,216,132,238,tailing
tailing77.jpg,238,116,309,235,tailing
tailing78.jpg,232,140,279,188,tailing
tailing78.jpg,153,291,159,297,tailing
tailing79.jpg,199,209,205,214,tailing
tailing79.jpg,200,185,209,191,tailing
tailing80.jpg,191,197,198,204,tailing
tailing79.jpg,190,191,199,196,tailing
tailing78.jpg,130,292,153,301,tailing
tailing78.jpg,242,92,283,121,tailing
tailing78.jpg,116,259,124,267,tailing
tailing78.jpg,117,300,125,307,tailing
tailing80.jpg,200,195,208,203,tailing
tailing78.jpg,132,257,137,261,tailing
tailing81.jpg,174,180,225,219,tailing
tailing82.jpg,192,192,207,207,tailing
tailing83.jpg,183,166,216,233,tailing
tailing84.jpg,137,213,156,252,tailing
tailing84.jpg,157,201,166,212,tailing
tailing84.jpg,176,147,181,161,tailing
tailing84.jpg,236,149,262,173,tailing
tailing85.jpg,190,206,223,232,tailing
tailing85.jpg,176,167,210,218,tailing
tailing86.jpg,168,251,191,263,tailing
tailing86.jpg,151,279,157,284,tailing
tailing86.jpg,166,256,182,274,tailing
tailing86.jpg,158,269,164,277,tailing
tailing86.jpg,241,115,248,126,tailing
tailing87.jpg,191,193,208,206,tailing
tailing88.jpg,169,176,230,223,tailing
tailing89.jpg,180,193,207,217,tailing
tailing89.jpg,210,182,219,194,tailing
tailing90.jpg,181,178,218,221,tailing
tailing91.jpg,196,198,203,201,tailing
tailing92.jpg,219,232,270,253,tailing
tailing92.jpg,127,195,164,206,tailing
tailing92.jpg,238,194,272,212,tailing
tailing92.jpg,233,146,251,181,tailing
tailing93.jpg,174,205,191,225,tailing
tailing93.jpg,212,174,225,187,tailing
tailing94.jpg,157,59,257,119,tailing
tailing95.jpg,152,170,247,229,tailing
tailing96.jpg,193,191,206,208,tailing
tailing97.jpg,187,188,212,211,tailing
tailing98.jpg,170,165,229,234,tailing
tailing99.jpg,185,186,214,213,tailing
tailing100.jpg,179,278,193,294,tailing
tailing100.jpg,207,105,220,121,tailing
tailing101.jpg,176,170,223,229,tailing
tailing102.jpg,95,145,243,311,tailing
tailing102.jpg,267,132,299,181,tailing
tailing102.jpg,251,88,304,165,tailing
tailing103.jpg,201,234,322,338,tailing
tailing103.jpg,77,168,223,243,tailing
tailing103.jpg,226,59,321,152,tailing
tailing103.jpg,199,125,213,136,tailing
tailing104.jpg,171,153,228,246,tailing
tailing105.jpg,190,217,256,254,tailing
tailing105.jpg,205,145,246,164,tailing
tailing105.jpg,143,145,189,162,tailing
tailing105.jpg,143,167,183,187,tailing
tailing106.jpg,188,183,202,202,tailing
tailing106.jpg,199,209,211,216,tailing
tailing107.jpg,188,198,237,255,tailing
tailing107.jpg,162,144,223,187,tailing
tailing108.jpg,171,174,228,225,tailing
tailing109.jpg,174,200,193,214,tailing
tailing109.jpg,207,185,225,203,tailing
tailing110.jpg,123,125,276,274,tailing
tailing111.jpg,187,114,235,131,tailing
tailing111.jpg,141,185,258,285,tailing
tailing112.jpg,167,159,232,240,tailing
tailing113.jpg,196,143,314,309,tailing
tailing114.jpg,216,167,223,175,tailing
tailing114.jpg,176,203,208,232,tailing
tailing113.jpg,85,90,184,219,tailing
tailing115.jpg,126,165,221,283,tailing
tailing115.jpg,200,116,273,165,tailing
tailing116.jpg,114,115,285,284,tailing
tailing117.jpg,286,181,301,205,tailing
tailing117.jpg,98,185,133,218,tailing
tailing118.jpg,237,136,273,185,tailing
tailing119.jpg,172,104,205,146,tailing
tailing118.jpg,126,157,246,263,tailing
tailing119.jpg,195,59,323,340,tailing
tailing119.jpg,76,253,96,266,tailing
tailing120.jpg,140,98,191,135,tailing
tailing120.jpg,137,182,142,186,tailing
tailing120.jpg,110,194,150,286,tailing
tailing120.jpg,130,99,289,301,tailing
tailing121.jpg,123,114,276,236,tailing
tailing121.jpg,125,261,164,285,tailing
tailing122.jpg,138,116,261,283,tailing
tailing121.jpg,163,262,190,270,tailing
tailing123.jpg,184,174,215,225,tailing
tailing124.jpg,120,146,279,253,tailing
tailing125.jpg,210,193,231,218,tailing
tailing125.jpg,168,181,192,213,tailing
tailing126.jpg,234,137,272,183,tailing
tailing127.jpg,157,118,176,137,tailing
tailing127.jpg,116,87,163,119,tailing
tailing127.jpg,166,207,191,230,tailing
tailing127.jpg,99,125,127,141,tailing
tailing127.jpg,194,222,212,250,tailing
tailing128.jpg,190,141,256,221,tailing
tailing129.jpg,197,100,313,170,tailing
tailing129.jpg,167,176,302,297,tailing
tailing128.jpg,239,72,329,163,tailing
tailing129.jpg,86,181,156,299,tailing
tailing128.jpg,220,67,331,167,tailing
tailing130.jpg,278,104,306,163,tailing
tailing128.jpg,68,212,180,332,tailing
tailing131.jpg,82,134,136,176,tailing
tailing131.jpg,87,174,147,226,tailing
tailing131.jpg,133,133,229,215,tailing
tailing132.jpg,180,59,317,144,tailing
tailing132.jpg,132,140,269,218,tailing
tailing132.jpg,106,234,196,348,tailing
tailing126.jpg,127,170,219,262,tailing
tailing127.jpg,227,227,305,291,tailing
tailing127.jpg,194,216,217,257,tailing
tailing130.jpg,93,263,144,295,tailing
tailing133.jpg,117,79,204,189,tailing
tailing133.jpg,289,257,332,316,tailing
tailing133.jpg,88,284,107,320,tailing
tailing134.jpg,213,193,305,262,tailing
tailing134.jpg,193,135,251,223,tailing
tailing134.jpg,148,141,202,230,tailing
tailing134.jpg,94,235,129,264,tailing
tailing134.jpg,97,208,132,233,tailing
tailing134.jpg,106,148,132,206,tailing
tailing135.jpg,205,146,237,172,tailing
tailing135.jpg,185,176,217,191,tailing
tailing135.jpg,162,197,186,206,tailing
tailing136.jpg,243,289,259,304,tailing
tailing136.jpg,140,95,156,104,tailing
tailing136.jpg,177,108,208,122,tailing
tailing137.jpg,164,174,235,225,tailing
tailing135.jpg,170,230,189,253,tailing
tailing138.jpg,248,100,275,128,tailing
tailing138.jpg,124,273,159,299,tailing
tailing139.jpg,190,181,209,218,tailing
tailing140.jpg,163,176,236,250,tailing
tailing140.jpg,164,149,224,223,tailing
tailing141.jpg,164,201,204,231,tailing
tailing142.jpg,223,259,244,271,tailing
tailing141.jpg,207,168,235,203,tailing
tailing142.jpg,174,128,228,175,tailing
tailing142.jpg,155,205,208,257,tailing
tailing143.jpg,168,151,231,248,tailing
tailing144.jpg,186,185,213,214,tailing
tailing145.jpg,137,78,271,203,tailing
tailing145.jpg,128,201,197,321,tailing
tailing146.jpg,232,264,252,283,tailing
tailing146.jpg,164,149,177,154,tailing
tailing147.jpg,193,190,206,209,tailing
tailing146.jpg,142,116,153,122,tailing
tailing146.jpg,244,242,257,253,tailing
tailing146.jpg,188,159,200,171,tailing
tailing148.jpg,203,192,208,202,tailing
tailing148.jpg,191,192,199,207,tailing
tailing149.jpg,166,180,233,219,tailing
tailing150.jpg,112,257,157,284,tailing
tailing150.jpg,101,227,130,239,tailing
tailing150.jpg,175,286,203,301,tailing
tailing150.jpg,295,98,298,100,tailing
tailing151.jpg,189,191,210,208,tailing
tailing152.jpg,196,193,203,206,tailing
tailing153.jpg,208,181,233,198,tailing
tailing153.jpg,222,158,307,224,tailing
tailing153.jpg,170,51,299,137,tailing
tailing154.jpg,125,245,128,249,tailing
tailing155.jpg,192,191,207,208,tailing
tailing154.jpg,270,150,274,155,tailing
tailing156.jpg,191,178,208,221,tailing
tailing157.jpg,113,146,124,154,tailing
tailing157.jpg,268,239,274,248,tailing
tailing157.jpg,277,241,286,253,tailing
tailing157.jpg,135,162,143,170,tailing
tailing157.jpg,131,153,137,160,tailing
tailing158.jpg,217,130,220,135,tailing
tailing158.jpg,283,248,299,269,tailing
tailing159.jpg,84,170,119,225,tailing
tailing159.jpg,117,249,138,267,tailing
tailing159.jpg,182,112,202,135,tailing
tailing160.jpg,174,187,225,212,tailing
tailing159.jpg,126,267,139,280,tailing
tailing159.jpg,118,116,235,203,tailing
tailing159.jpg,115,282,124,287,tailing
tailing159.jpg,287,206,315,246,tailing
tailing153.jpg,132,233,212,290,tailing
tailing153.jpg,180,202,318,318,tailing
tailing153.jpg,101,227,130,269,tailing
tailing153.jpg,98,317,176,325,tailing
tailing153.jpg,103,228,133,271,tailing
tailing153.jpg,115,273,175,311,tailing
tailing153.jpg,110,260,130,285,tailing
tailing153.jpg,128,232,147,260,tailing
tailing153.jpg,105,304,176,317,tailing
tailing153.jpg,109,230,141,273,tailing
tailing153.jpg,122,262,146,287,tailing
tailing153.jpg,81,193,182,297,tailing
tailing161.jpg,280,148,291,152,tailing
tailing161.jpg,217,192,228,205,tailing
tailing161.jpg,108,211,137,251,tailing
tailing161.jpg,137,221,155,240,tailing
tailing161.jpg,272,151,278,158,tailing
tailing162.jpg,188,183,211,216,tailing
tailing161.jpg,238,196,247,206,tailing
tailing163.jpg,235,173,271,217,tailing
tailing163.jpg,128,205,144,226,tailing
tailing164.jpg,195,195,204,204,tailing
tailing165.jpg,170,164,229,235,tailing
tailing166.jpg,215,242,230,255,tailing
tailing166.jpg,235,252,255,277,tailing
tailing166.jpg,177,242,191,248,tailing
tailing166.jpg,145,122,178,137,tailing
tailing167.jpg,108,144,127,157,tailing
tailing166.jpg,191,243,216,252,tailing
tailing167.jpg,270,233,291,255,tailing
tailing166.jpg,144,208,200,227,tailing
tailing168.jpg,195,183,204,216,tailing
tailing169.jpg,200,163,219,185,tailing
tailing169.jpg,180,226,202,236,tailing
tailing170.jpg,97,296,102,301,tailing
tailing171.jpg,228,183,235,192,tailing
tailing171.jpg,164,193,187,216,tailing
tailing172.jpg,208,126,248,182,tailing
tailing172.jpg,176,212,196,223,tailing
tailing173.jpg,124,105,131,115,tailing
tailing172.jpg,250,195,260,208,tailing
tailing172.jpg,215,184,226,209,tailing
tailing172.jpg,181,236,200,248,tailing
tailing172.jpg,275,190,280,192,tailing
tailing172.jpg,132,135,146,154,tailing
tailing174.jpg,187,164,212,235,tailing
tailing175.jpg,193,205,201,212,tailing
tailing175.jpg,197,187,206,196,tailing
tailing176.jpg,228,198,238,220,tailing
tailing176.jpg,161,176,172,187,tailing
tailing176.jpg,173,183,178,191,tailing
tailing176.jpg,178,200,195,223,tailing
tailing177.jpg,116,177,217,215,tailing
tailing177.jpg,152,132,224,184,tailing
tailing177.jpg,153,208,215,273,tailing
tailing177.jpg,267,180,284,217,tailing
tailing177.jpg,227,126,261,219,tailing
tailing178.jpg,190,194,209,205,tailing
tailing179.jpg,265,185,282,211,tailing
tailing179.jpg,137,118,140,120,tailing
tailing179.jpg,129,115,135,118,tailing
tailing179.jpg,117,106,123,110,tailing
tailing179.jpg,123,111,127,115,tailing
tailing179.jpg,201,273,216,285,tailing
tailing179.jpg,208,283,217,293,tailing
tailing179.jpg,193,257,206,273,tailing
tailing180.jpg,97,98,257,171,tailing
tailing180.jpg,96,187,303,301,tailing
tailing181.jpg,223,255,267,281,tailing
tailing181.jpg,132,200,193,259,tailing
tailing181.jpg,231,159,252,187,tailing
tailing181.jpg,154,118,224,165,tailing
tailing182.jpg,174,206,182,213,tailing
tailing182.jpg,177,199,187,208,tailing
tailing182.jpg,181,185,196,200,tailing
tailing182.jpg,167,170,232,229,tailing
tailing177.jpg,115,154,153,190,tailing
tailing183.jpg,186,158,213,241,tailing
tailing184.jpg,274,228,289,249,tailing
tailing184.jpg,110,150,146,197,tailing
tailing185.jpg,239,185,248,196,tailing
tailing185.jpg,239,200,244,207,tailing
tailing185.jpg,242,197,250,206,tailing
tailing185.jpg,249,206,254,213,tailing
tailing185.jpg,246,217,251,222,tailing
tailing186.jpg,123,216,149,255,tailing
tailing186.jpg,227,144,276,199,tailing
tailing185.jpg,145,139,235,260,tailing
tailing187.jpg,298,204,309,213,tailing
tailing187.jpg,291,194,302,202,tailing
tailing187.jpg,295,199,306,207,tailing
tailing187.jpg,230,138,235,140,tailing
tailing187.jpg,212,130,223,135,tailing
tailing187.jpg,220,230,233,238,tailing
tailing187.jpg,205,133,228,141,tailing
tailing187.jpg,93,96,107,111,tailing
tailing187.jpg,110,102,125,114,tailing
tailing187.jpg,224,239,249,256,tailing
tailing187.jpg,163,166,250,233,tailing
tailing187.jpg,193,129,205,137,tailing
tailing187.jpg,257,181,270,201,tailing
tailing187.jpg,117,115,152,134,tailing
tailing187.jpg,253,150,302,208,tailing
tailing187.jpg,194,139,207,148,tailing
tailing187.jpg,102,261,143,307,tailing
tailing187.jpg,254,149,259,155,tailing
tailing188.jpg,179,176,220,223,tailing
tailing189.jpg,289,171,311,192,tailing
tailing189.jpg,101,199,130,236,tailing
tailing189.jpg,100,163,110,178,tailing
tailing189.jpg,111,162,117,176,tailing
tailing189.jpg,250,265,265,293,tailing
tailing189.jpg,88,106,131,160,tailing
tailing189.jpg,283,240,308,284,tailing
tailing190.jpg,184,176,215,223,tailing
tailing158.jpg,105,248,108,255,tailing
tailing158.jpg,100,175,104,183,tailing
tailing191.jpg,192,190,207,209,tailing
tailing192.jpg,196,195,203,204,tailing
tailing193.jpg,223,159,226,161,tailing
tailing194.jpg,278,148,283,153,tailing
tailing194.jpg,116,164,119,172,tailing
tailing194.jpg,273,249,276,251,tailing
tailing193.jpg,183,221,186,224,tailing
tailing193.jpg,173,238,176,240,tailing
tailing195.jpg,171,160,197,179,tailing
tailing195.jpg,169,174,225,211,tailing
tailing195.jpg,179,193,230,239,tailing
tailing196.jpg,194,193,205,206,tailing
tailing197.jpg,192,214,209,231,tailing
tailing197.jpg,187,168,212,195,tailing
tailing197.jpg,196,195,206,203,tailing
tailing198.jpg,184,186,215,213,tailing
tailing199.jpg,171,182,228,217,tailing
tailing200.jpg,192,195,197,203,tailing
tailing200.jpg,182,191,185,196,tailing
tailing200.jpg,187,193,191,199,tailing
tailing200.jpg,213,197,217,202,tailing
tailing200.jpg,199,198,204,206,tailing
tailing200.jpg,205,201,209,208,tailing
tailing201.jpg,190,188,209,211,tailing
tailing202.jpg,127,204,172,237,tailing
tailing202.jpg,244,162,272,194,tailing
tailing202.jpg,209,212,220,225,tailing
tailing202.jpg,186,182,212,210,tailing
tailing203.jpg,124,251,181,289,tailing
tailing203.jpg,261,131,275,148,tailing
tailing203.jpg,230,110,247,126,tailing
tailing204.jpg,198,195,210,207,tailing
tailing204.jpg,189,192,197,202,tailing
tailing205.jpg,111,125,201,170,tailing
tailing205.jpg,110,154,225,195,tailing
tailing205.jpg,177,236,289,274,tailing
tailing205.jpg,149,203,268,247,tailing
tailing205.jpg,128,182,242,217,tailing
tailing206.jpg,89,146,118,167,tailing
tailing206.jpg,194,99,235,153,tailing
tailing207.jpg,191,196,197,201,tailing
tailing207.jpg,199,197,208,203,tailing
tailing208.jpg,199,230,204,240,tailing
tailing209.jpg,247,132,302,179,tailing
tailing210.jpg,188,102,201,117,tailing
tailing208.jpg,204,227,214,233,tailing
tailing210.jpg,161,105,174,122,tailing
tailing208.jpg,48,227,201,302,tailing
tailing208.jpg,265,131,316,182,tailing
tailing210.jpg,207,109,219,125,tailing
tailing210.jpg,125,189,131,196,tailing
tailing211.jpg,189,187,210,212,tailing
tailing206.jpg,234,260,310,300,tailing
tailing212.jpg,196,146,213,167,tailing
tailing212.jpg,233,184,259,199,tailing
tailing212.jpg,140,167,171,189,tailing
tailing213.jpg,160,183,166,216,tailing
tailing212.jpg,159,201,178,218,tailing
tailing213.jpg,231,183,239,192,tailing
tailing212.jpg,148,241,156,253,tailing
tailing214.jpg,169,166,230,233,tailing
tailing215.jpg,239,191,246,198,tailing
tailing215.jpg,244,182,250,187,tailing
tailing215.jpg,218,154,226,161,tailing
tailing215.jpg,149,233,167,245,tailing
tailing216.jpg,192,69,329,196,tailing
tailing217.jpg,185,190,196,206,tailing
tailing217.jpg,205,189,214,210,tailing
tailing216.jpg,152,327,156,330,tailing
tailing216.jpg,124,231,129,237,tailing
tailing216.jpg,157,319,163,324,tailing
tailing216.jpg,158,322,165,330,tailing
tailing216.jpg,146,203,163,220,tailing
tailing216.jpg,108,242,118,247,tailing
tailing216.jpg,178,302,183,309,tailing
tailing216.jpg,101,309,111,316,tailing
tailing216.jpg,175,277,183,289,tailing
tailing216.jpg,87,243,96,255,tailing
tailing216.jpg,105,215,119,225,tailing
tailing216.jpg,157,305,164,313,tailing
tailing216.jpg,167,285,176,305,tailing
tailing216.jpg,121,304,127,311,tailing
tailing216.jpg,149,304,154,308,tailing
tailing216.jpg,84,240,91,247,tailing
tailing216.jpg,166,313,173,321,tailing
tailing216.jpg,159,289,164,298,tailing
tailing216.jpg,70,254,75,256,tailing
tailing216.jpg,114,220,124,229,tailing
tailing216.jpg,104,192,113,201,tailing
tailing218.jpg,147,208,161,244,tailing
tailing218.jpg,164,155,252,220,tailing
tailing218.jpg,171,218,189,237,tailing
tailing218.jpg,197,209,213,231,tailing
tailing219.jpg,86,96,123,135,tailing
tailing220.jpg,187,184,208,210,tailing
tailing220.jpg,131,169,140,178,tailing
tailing221.jpg,290,253,300,262,tailing
tailing220.jpg,202,148,208,155,tailing
tailing221.jpg,109,85,152,112,tailing
tailing221.jpg,150,120,156,129,tailing
tailing221.jpg,234,226,249,237,tailing
tailing221.jpg,288,236,293,244,tailing
tailing220.jpg,150,176,165,184,tailing
tailing221.jpg,241,220,271,238,tailing
tailing221.jpg,217,243,227,253,tailing
tailing221.jpg,189,275,202,310,tailing
tailing220.jpg,228,240,234,253,tailing
tailing221.jpg,111,139,122,147,tailing
tailing221.jpg,279,256,300,266,tailing
tailing221.jpg,295,223,308,241,tailing
tailing220.jpg,238,248,250,256,tailing
tailing220.jpg,222,135,231,146,tailing
tailing220.jpg,287,264,298,274,tailing
tailing221.jpg,264,252,275,260,tailing
tailing221.jpg,217,237,225,243,tailing
tailing221.jpg,300,243,309,253,tailing
tailing221.jpg,178,276,196,296,tailing
tailing221.jpg,110,148,117,155,tailing
tailing221.jpg,264,261,280,268,tailing
tailing220.jpg,167,230,183,243,tailing
tailing220.jpg,274,259,283,272,tailing
tailing221.jpg,161,249,203,290,tailing
tailing220.jpg,187,220,234,288,tailing
tailing220.jpg,244,136,252,147,tailing
tailing220.jpg,194,132,202,142,tailing
tailing221.jpg,250,219,258,227,tailing
tailing220.jpg,146,167,164,175,tailing
tailing220.jpg,101,111,115,126,tailing
tailing221.jpg,202,236,210,244,tailing
tailing220.jpg,225,202,249,239,tailing
tailing220.jpg,199,199,226,237,tailing
tailing221.jpg,289,244,309,255,tailing
tailing221.jpg,119,127,126,134,tailing
tailing220.jpg,207,142,220,148,tailing
tailing220.jpg,200,125,234,135,tailing
tailing220.jpg,163,212,181,226,tailing
tailing222.jpg,198,190,203,194,tailing
tailing222.jpg,196,199,203,209,tailing
tailing223.jpg,219,194,234,211,tailing
tailing223.jpg,189,212,206,225,tailing
tailing223.jpg,195,174,212,197,tailing
tailing223.jpg,165,203,179,215,tailing
tailing224.jpg,186,184,213,215,tailing
tailing225.jpg,193,188,206,211,tailing
tailing226.jpg,173,182,226,217,tailing
tailing227.jpg,182,184,217,215,tailing
tailing228.jpg,147,184,252,215,tailing
tailing229.jpg,175,166,224,233,tailing
tailing230.jpg,173,170,226,229,tailing
tailing231.jpg,191,195,208,204,tailing
tailing232.jpg,160,160,239,239,tailing
tailing233.jpg,152,114,247,285,tailing
tailing234.jpg,175,273,208,294,tailing
tailing235.jpg,158,185,187,205,tailing
tailing234.jpg,189,105,224,128,tailing
tailing235.jpg,208,190,241,214,tailing
tailing236.jpg,192,192,207,207,tailing
tailing237.jpg,179,187,220,212,tailing
tailing238.jpg,195,194,204,205,tailing
tailing239.jpg,204,224,228,242,tailing
tailing239.jpg,171,157,199,182,tailing
tailing240.jpg,172,125,227,169,tailing
tailing240.jpg,180,265,193,274,tailing
tailing241.jpg,194,194,205,205,tailing
tailing242.jpg,193,190,206,209,tailing
tailing243.jpg,191,200,202,208,tailing
tailing243.jpg,196,191,208,197,tailing
tailing244.jpg,205,135,234,161,tailing
tailing244.jpg,75,84,170,167,tailing
tailing245.jpg,192,162,229,211,tailing
tailing245.jpg,170,206,196,237,tailing
tailing246.jpg,158,186,172,200,tailing
tailing246.jpg,255,172,279,224,tailing
tailing246.jpg,168,137,219,212,tailing
tailing246.jpg,278,212,287,227,tailing
tailing246.jpg,142,156,155,174,tailing
tailing246.jpg,171,152,177,161,tailing
tailing246.jpg,180,232,202,246,tailing
tailing246.jpg,234,184,248,204,tailing
tailing246.jpg,151,203,167,217,tailing
tailing246.jpg,221,183,230,199,tailing
tailing246.jpg,112,184,170,262,tailing
tailing244.jpg,289,290,324,315,tailing
tailing247.jpg,131,151,268,248,tailing
tailing248.jpg,147,169,160,206,tailing
tailing248.jpg,223,215,252,230,tailing
tailing248.jpg,216,188,230,202,tailing
tailing249.jpg,174,174,225,225,tailing
tailing250.jpg,150,156,249,243,tailing
tailing251.jpg,177,139,285,290,tailing
tailing251.jpg,114,109,134,127,tailing
tailing252.jpg,185,185,214,214,tailing
tailing253.jpg,175,185,224,214,tailing
tailing254.jpg,119,175,134,232,tailing
tailing254.jpg,99,178,110,236,tailing
tailing254.jpg,156,206,161,216,tailing
tailing254.jpg,175,207,190,237,tailing
tailing254.jpg,286,162,300,175,tailing
tailing255.jpg,159,154,240,245,tailing
tailing256.jpg,146,136,253,263,tailing
tailing257.jpg,142,153,178,218,tailing
tailing258.jpg,188,193,211,206,tailing
tailing257.jpg,183,186,257,246,tailing
tailing259.jpg,185,185,214,214,tailing
tailing260.jpg,113,106,286,293,tailing
tailing261.jpg,163,180,236,219,tailing
tailing262.jpg,55,73,227,326,tailing
tailing263.jpg,221,94,310,182,tailing
tailing263.jpg,216,196,315,305,tailing
tailing263.jpg,275,100,311,168,tailing
tailing263.jpg,176,198,207,235,tailing
tailing263.jpg,191,213,258,273,tailing
tailing264.jpg,137,112,262,287,tailing
tailing265.jpg,106,124,293,275,tailing
tailing266.jpg,177,178,222,221,tailing
tailing5.jpg,83,250,130,330,tailing
tailing5.jpg,69,303,132,341,tailing
tailing5.jpg,1,360,77,400,tailing
tailing5.jpg,114,195,173,249,tailing
tailing8.jpg,75,304,87,320,tailing
tailing8.jpg,45,311,61,338,tailing
tailing6.jpg,279,178,343,277,tailing
tailing8.jpg,199,287,270,355,tailing
tailing8.jpg,199,333,270,400,tailing
tailing8.jpg,244,247,299,305,tailing
tailing8.jpg,238,162,323,252,tailing
tailing8.jpg,174,255,203,271,tailing
tailing8.jpg,225,189,247,201,tailing
tailing8.jpg,58,185,143,245,tailing
tailing8.jpg,134,137,200,182,tailing
tailing8.jpg,69,109,330,211,tailing
tailing8.jpg,58,211,276,300,tailing
tailing8.jpg,58,244,276,348,tailing
tailing6.jpg,233,261,316,373,tailing
tailing8.jpg,176,261,288,348,tailing
tailing8.jpg,147,344,241,400,tailing
tailing8.jpg,147,398,241,400,tailing
tailing8.jpg,203,295,276,361,tailing
tailing9.jpg,99,80,300,156,tailing
tailing9.jpg,178,299,325,348,tailing
tailing9.jpg,191,247,326,298,tailing
tailing9.jpg,190,342,325,397,tailing
tailing9.jpg,189,289,327,351,tailing
tailing9.jpg,188,387,325,400,tailing
tailing11.jpg,0,324,8,400,tailing
tailing11.jpg,56,247,120,339,tailing
tailing11.jpg,255,157,321,244,tailing
tailing11.jpg,78,200,198,318,tailing
tailing10.jpg,131,267,162,282,tailing
tailing10.jpg,112,105,294,328,tailing
tailing25.jpg,24,252,106,323,tailing
tailing25.jpg,56,252,131,323,tailing
tailing25.jpg,260,84,343,237,tailing
tailing24.jpg,112,128,270,323,tailing
tailing25.jpg,61,128,200,323,tailing
tailing25.jpg,164,76,252,231,tailing
tailing32.jpg,208,355,223,365,tailing
tailing32.jpg,191,299,207,309,tailing
tailing32.jpg,134,230,155,248,tailing
tailing32.jpg,151,241,277,318,tailing
tailing32.jpg,84,85,211,150,tailing
tailing32.jpg,195,287,315,349,tailing
tailing33.jpg,129,237,212,302,tailing
tailing32.jpg,204,359,264,392,tailing
tailing32.jpg,187,302,252,341,tailing
tailing38.jpg,42,326,64,342,tailing
tailing38.jpg,19,353,44,370,tailing
tailing38.jpg,200,57,221,79,tailing
tailing43.jpg,157,113,269,177,tailing
tailing38.jpg,209,83,284,129,tailing
tailing38.jpg,68,164,101,249,tailing
tailing38.jpg,49,174,87,269,tailing
tailing43.jpg,322,333,337,363,tailing
tailing43.jpg,292,296,305,322,tailing
tailing38.jpg,344,240,354,262,tailing
tailing38.jpg,321,261,336,285,tailing
tailing38.jpg,320,243,329,265,tailing
tailing38.jpg,340,261,351,285,tailing
tailing38.jpg,292,261,305,285,tailing
tailing38.jpg,292,272,305,296,tailing
tailing38.jpg,292,274,305,298,tailing
tailing43.jpg,66,279,81,359,tailing
tailing43.jpg,60,247,73,319,tailing
tailing43.jpg,60,226,73,294,tailing
tailing38.jpg,66,217,81,283,tailing
tailing38.jpg,148,203,159,262,tailing
tailing38.jpg,142,217,153,283,tailing
tailing38.jpg,60,226,73,294,tailing
tailing38.jpg,60,217,73,283,tailing
tailing38.jpg,60,229,73,296,tailing
tailing43.jpg,63,339,108,400,tailing
tailing43.jpg,57,301,98,373,tailing
tailing43.jpg,57,276,98,344,tailing
tailing38.jpg,63,266,108,331,tailing
tailing38.jpg,147,247,177,306,tailing
tailing38.jpg,140,266,174,331,tailing
tailing38.jpg,57,266,98,331,tailing
tailing38.jpg,57,276,98,344,tailing
tailing38.jpg,57,279,98,345,tailing
tailing43.jpg,170,289,195,316,tailing
tailing43.jpg,153,256,176,281,tailing
tailing38.jpg,234,207,252,228,tailing
tailing38.jpg,218,210,235,230,tailing
tailing38.jpg,222,226,241,248,tailing
tailing38.jpg,153,234,176,257,tailing
tailing38.jpg,153,237,176,260,tailing
tailing43.jpg,63,88,336,320,tailing
tailing43.jpg,57,78,304,284,tailing
tailing38.jpg,158,58,354,231,tailing
tailing38.jpg,63,64,335,251,tailing
tailing38.jpg,140,64,350,251,tailing
tailing38.jpg,57,66,304,261,tailing
tailing38.jpg,57,72,304,263,tailing
tailing43.jpg,103,313,135,370,tailing
tailing43.jpg,93,278,122,329,tailing
tailing38.jpg,187,226,209,268,tailing
tailing43.jpg,93,255,122,303,tailing
tailing38.jpg,103,245,134,292,tailing
tailing38.jpg,174,228,194,270,tailing
tailing38.jpg,93,245,122,292,tailing
tailing38.jpg,93,255,122,303,tailing
tailing38.jpg,93,257,122,305,tailing
tailing43.jpg,252,361,291,400,tailing
tailing43.jpg,228,320,263,357,tailing
tailing38.jpg,293,261,321,292,tailing
tailing43.jpg,228,295,263,330,tailing
tailing38.jpg,251,284,290,317,tailing
tailing38.jpg,273,263,299,294,tailing
tailing38.jpg,285,284,316,317,tailing
tailing38.jpg,228,295,263,330,tailing
tailing38.jpg,228,297,263,331,tailing
tailing43.jpg,105,392,115,400,tailing
tailing43.jpg,95,348,104,355,tailing
tailing38.jpg,188,284,195,290,tailing
tailing43.jpg,95,321,104,328,tailing
tailing38.jpg,105,309,115,316,tailing
tailing38.jpg,175,286,182,292,tailing
tailing38.jpg,95,309,104,316,tailing
tailing38.jpg,95,321,104,328,tailing
tailing38.jpg,95,322,104,329,tailing
tailing43.jpg,281,329,301,352,tailing
tailing43.jpg,255,293,272,313,tailing
tailing38.jpg,315,238,329,254,tailing
tailing43.jpg,255,269,272,287,tailing
tailing38.jpg,281,259,300,277,tailing
tailing38.jpg,293,240,306,257,tailing
tailing38.jpg,308,259,323,277,tailing
tailing38.jpg,255,259,272,277,tailing
tailing38.jpg,255,271,272,289,tailing
tailing43.jpg,274,309,303,334,tailing
tailing43.jpg,248,274,274,297,tailing
tailing38.jpg,309,223,330,241,tailing
tailing43.jpg,248,251,274,272,tailing
tailing38.jpg,273,242,302,262,tailing
tailing38.jpg,287,225,307,244,tailing
tailing38.jpg,302,242,325,262,tailing
tailing38.jpg,248,254,274,275,tailing
tailing43.jpg,234,344,280,400,tailing
tailing43.jpg,211,305,253,361,tailing
tailing38.jpg,280,248,314,295,tailing
tailing43.jpg,211,280,253,333,tailing
tailing38.jpg,233,270,279,321,tailing
tailing38.jpg,261,251,291,296,tailing
tailing38.jpg,271,270,307,321,tailing
tailing38.jpg,211,280,253,333,tailing
tailing38.jpg,211,283,253,334,tailing
tailing43.jpg,269,201,314,269,tailing
tailing43.jpg,243,178,284,239,tailing
tailing38.jpg,306,142,338,193,tailing
tailing38.jpg,284,146,314,196,tailing
tailing43.jpg,93,367,120,377,tailing
tailing38.jpg,186,299,208,308,tailing
tailing43.jpg,93,338,120,348,tailing
tailing38.jpg,102,326,133,335,tailing
tailing38.jpg,173,301,193,310,tailing
tailing38.jpg,93,326,120,335,tailing
tailing38.jpg,93,338,120,348,tailing
tailing38.jpg,93,339,120,349,tailing
tailing43.jpg,341,321,378,345,tailing
tailing43.jpg,309,285,342,306,tailing
tailing38.jpg,358,232,384,249,tailing
tailing43.jpg,309,262,342,281,tailing
tailing38.jpg,340,252,377,271,tailing
tailing38.jpg,333,234,357,251,tailing
tailing38.jpg,355,252,383,271,tailing
tailing38.jpg,309,252,342,271,tailing
tailing38.jpg,309,264,342,283,tailing
tailing52.jpg,73,121,101,135,tailing
tailing52.jpg,73,128,101,144,tailing
tailing51.jpg,342,288,376,326,tailing
tailing52.jpg,299,206,328,234,tailing
tailing52.jpg,342,206,376,234,tailing
tailing52.jpg,299,198,328,226,tailing
tailing52.jpg,342,271,376,308,tailing
tailing52.jpg,342,288,376,326,tailing
tailing51.jpg,192,275,319,303,tailing
tailing52.jpg,94,135,241,161,tailing
tailing52.jpg,192,197,319,217,tailing
tailing52.jpg,192,259,319,286,tailing
tailing52.jpg,192,275,319,303,tailing
tailing51.jpg,71,217,147,323,tailing
tailing52.jpg,0,80,43,180,tailing
tailing52.jpg,62,155,128,231,tailing
tailing52.jpg,62,144,128,224,tailing
tailing52.jpg,71,204,147,304,tailing
tailing52.jpg,71,217,147,323,tailing
tailing51.jpg,102,169,183,254,tailing
tailing52.jpg,0,36,85,115,tailing
tailing52.jpg,89,121,160,182,tailing
tailing52.jpg,102,160,183,240,tailing
tailing52.jpg,102,169,183,254,tailing
tailing51.jpg,181,312,321,347,tailing
tailing52.jpg,82,169,243,202,tailing
tailing52.jpg,158,223,280,249,tailing
tailing52.jpg,181,223,321,249,tailing
tailing52.jpg,181,294,321,327,tailing
tailing52.jpg,181,312,321,347,tailing
tailing51.jpg,339,252,385,286,tailing
tailing52.jpg,296,180,337,205,tailing
tailing52.jpg,339,180,385,205,tailing
tailing52.jpg,339,237,385,269,tailing
tailing52.jpg,339,252,385,286,tailing
tailing51.jpg,183,357,318,400,tailing
tailing52.jpg,84,211,239,328,tailing
tailing52.jpg,159,255,277,345,tailing
tailing52.jpg,183,255,318,345,tailing
tailing52.jpg,159,249,277,342,tailing
tailing52.jpg,183,336,318,400,tailing
tailing52.jpg,183,357,318,400,tailing
tailing51.jpg,198,207,328,264,tailing
tailing52.jpg,198,148,328,189,tailing
tailing52.jpg,102,71,250,124,tailing
tailing52.jpg,198,195,328,248,tailing
tailing52.jpg,198,207,328,264,tailing
tailing51.jpg,148,100,188,159,tailing
tailing52.jpg,148,100,188,159,tailing
tailing52.jpg,82,72,138,120,tailing
tailing63.jpg,0,182,38,226,tailing
tailing62.jpg,110,190,152,236,tailing
tailing62.jpg,108,190,150,236,tailing
tailing63.jpg,0,182,9,226,tailing
tailing63.jpg,95,182,134,226,tailing
tailing63.jpg,299,255,312,277,tailing
tailing62.jpg,392,266,400,290,tailing
tailing62.jpg,386,266,398,290,tailing
tailing63.jpg,290,255,304,277,tailing
tailing63.jpg,291,255,305,277,tailing
tailing63.jpg,351,255,362,277,tailing
tailing62.jpg,109,215,153,268,tailing
tailing62.jpg,75,245,105,289,tailing
tailing62.jpg,74,245,104,289,tailing
tailing63.jpg,63,234,91,277,tailing
tailing63.jpg,77,245,108,289,tailing
tailing62.jpg,99,216,138,258,tailing
tailing62.jpg,68,245,95,281,tailing
tailing62.jpg,67,245,93,281,tailing
tailing63.jpg,57,235,81,269,tailing
tailing63.jpg,70,245,97,281,tailing
tailing62.jpg,73,168,113,237,tailing
tailing62.jpg,71,168,111,237,tailing
tailing63.jpg,61,161,98,227,tailing
tailing63.jpg,0,156,35,183,tailing
tailing63.jpg,0,156,6,183,tailing
tailing63.jpg,93,156,131,183,tailing
tailing62.jpg,86,215,112,248,tailing
tailing62.jpg,63,245,82,272,tailing
tailing62.jpg,62,245,81,272,tailing
tailing63.jpg,53,235,70,261,tailing
tailing63.jpg,65,245,84,272,tailing
tailing63.jpg,0,235,0,288,tailing
tailing62.jpg,118,215,171,281,tailing
tailing62.jpg,81,245,118,300,tailing
tailing62.jpg,80,245,116,300,tailing
tailing63.jpg,69,235,102,288,tailing
tailing63.jpg,83,245,120,300,tailing
tailing62.jpg,246,196,281,208,tailing
tailing63.jpg,69,219,96,229,tailing
tailing62.jpg,178,228,203,239,tailing
tailing63.jpg,43,219,73,229,tailing
tailing63.jpg,159,219,182,229,tailing
tailing62.jpg,283,176,289,190,tailing
tailing63.jpg,98,202,103,214,tailing
tailing63.jpg,74,202,79,214,tailing
tailing63.jpg,183,202,187,214,tailing
tailing63.jpg,176,234,226,304,tailing
tailing63.jpg,255,234,288,304,tailing
tailing62.jpg,352,244,382,318,tailing
tailing62.jpg,347,244,376,318,tailing
tailing63.jpg,244,234,279,304,tailing
tailing63.jpg,315,234,342,304,tailing
tailing63.jpg,361,244,391,318,tailing
tailing63.jpg,220,133,225,142,tailing
tailing63.jpg,241,135,244,140,tailing
tailing63.jpg,298,217,330,265,tailing
tailing62.jpg,391,227,400,276,tailing
tailing62.jpg,386,227,400,276,tailing
tailing63.jpg,289,217,324,265,tailing
tailing63.jpg,290,217,325,265,tailing
tailing63.jpg,350,217,377,265,tailing
tailing62.jpg,296,139,313,161,tailing
tailing63.jpg,108,173,122,191,tailing
tailing63.jpg,85,173,100,191,tailing
tailing63.jpg,201,120,214,139,tailing
tailing62.jpg,287,123,313,136,tailing
tailing63.jpg,101,160,121,170,tailing
tailing63.jpg,78,160,100,170,tailing
tailing62.jpg,266,211,278,216,tailing
tailing63.jpg,84,231,94,235,tailing
tailing62.jpg,283,211,296,216,tailing
tailing62.jpg,195,241,204,245,tailing
tailing62.jpg,192,241,201,245,tailing
tailing63.jpg,56,231,67,235,tailing
tailing63.jpg,60,231,70,235,tailing
tailing63.jpg,172,231,180,235,tailing
tailing71.jpg,108,308,128,319,tailing
tailing70.jpg,207,238,229,264,tailing
tailing73.jpg,202,329,209,339,tailing
tailing73.jpg,202,376,209,388,tailing
tailing73.jpg,201,268,209,280,tailing
tailing73.jpg,202,299,209,309,tailing
tailing73.jpg,194,293,201,303,tailing
tailing73.jpg,194,285,201,295,tailing
tailing73.jpg,198,201,203,207,tailing
tailing73.jpg,198,231,203,239,tailing
tailing73.jpg,198,218,203,225,tailing
tailing73.jpg,217,167,226,179,tailing
tailing73.jpg,217,157,226,168,tailing
tailing73.jpg,201,317,212,328,tailing
tailing73.jpg,201,363,212,375,tailing
tailing73.jpg,201,289,212,298,tailing
tailing73.jpg,193,282,204,292,tailing
tailing73.jpg,193,273,204,284,tailing
tailing73.jpg,201,394,212,400,tailing
tailing73.jpg,191,280,203,286,tailing
tailing73.jpg,191,320,203,328,tailing
tailing73.jpg,191,254,203,261,tailing
tailing73.jpg,182,246,194,252,tailing
tailing73.jpg,182,233,194,240,tailing
tailing73.jpg,191,369,203,378,tailing
tailing73.jpg,191,347,203,356,tailing
tailing73.jpg,189,223,195,231,tailing
tailing73.jpg,189,255,195,265,tailing
tailing73.jpg,189,294,195,305,tailing
tailing73.jpg,189,277,195,287,tailing
tailing73.jpg,191,240,198,250,tailing
tailing73.jpg,191,274,198,286,tailing
tailing73.jpg,191,218,198,228,tailing
tailing73.jpg,191,316,198,330,tailing
tailing73.jpg,191,298,198,311,tailing
tailing73.jpg,192,209,197,215,tailing
tailing73.jpg,192,239,197,246,tailing
tailing73.jpg,192,275,197,284,tailing
tailing73.jpg,192,259,197,267,tailing
tailing73.jpg,195,252,205,278,tailing
tailing73.jpg,195,289,205,318,tailing
tailing73.jpg,195,230,205,253,tailing
tailing73.jpg,187,219,197,244,tailing
tailing73.jpg,195,333,205,367,tailing
tailing73.jpg,195,313,205,345,tailing
tailing72.jpg,195,278,201,288,tailing
tailing73.jpg,197,348,202,355,tailing
tailing73.jpg,197,397,202,400,tailing
tailing73.jpg,195,290,201,299,tailing
tailing73.jpg,197,316,202,323,tailing
tailing73.jpg,188,311,194,318,tailing
tailing73.jpg,188,304,194,311,tailing
tailing72.jpg,189,284,205,305,tailing
tailing73.jpg,191,352,206,368,tailing
tailing73.jpg,189,296,205,314,tailing
tailing73.jpg,191,320,206,335,tailing
tailing73.jpg,182,315,197,331,tailing
tailing73.jpg,182,309,197,325,tailing
tailing73.jpg,190,263,195,267,tailing
tailing73.jpg,190,301,195,306,tailing
tailing73.jpg,190,239,195,243,tailing
tailing73.jpg,182,230,186,234,tailing
tailing73.jpg,190,347,195,353,tailing
tailing73.jpg,190,327,195,332,tailing
tailing73.jpg,196,297,211,312,tailing
tailing73.jpg,196,339,211,357,tailing
tailing73.jpg,196,270,211,284,tailing
tailing73.jpg,187,262,203,277,tailing
tailing73.jpg,187,251,203,267,tailing
tailing73.jpg,196,392,211,400,tailing
tailing73.jpg,196,369,211,388,tailing
tailing73.jpg,213,127,221,138,tailing
tailing103.jpg,157,59,257,119,tailing
tailing103.jpg,201,286,322,357,tailing
tailing94.jpg,78,235,225,340,tailing
tailing103.jpg,78,235,225,340,tailing
tailing94.jpg,226,59,321,152,tailing
tailing94.jpg,199,125,213,136,tailing
tailing127.jpg,230,251,264,279,tailing
tailing127.jpg,268,269,293,304,tailing
tailing132.jpg,7,315,62,364,tailing
tailing132.jpg,69,202,115,233,tailing
tailing132.jpg,13,362,73,400,tailing
tailing132.jpg,74,232,125,271,tailing
tailing132.jpg,59,314,156,400,tailing
tailing132.jpg,113,201,195,262,tailing
tailing131.jpg,156,51,317,155,tailing
tailing132.jpg,82,218,245,340,tailing
tailing131.jpg,106,234,196,348,tailing
tailing132.jpg,90,277,166,361,tailing
tailing127.jpg,370,346,400,398,tailing
tailing127.jpg,268,285,327,327,tailing
tailing127.jpg,268,263,300,312,tailing
tailing133.jpg,305,243,342,299,tailing
tailing133.jpg,57,284,70,320,tailing
tailing133.jpg,0,300,11,339,tailing
tailing153.jpg,222,144,307,204,tailing
tailing159.jpg,84,201,119,267,tailing
tailing159.jpg,94,249,110,267,tailing
tailing159.jpg,94,295,110,316,tailing
tailing159.jpg,101,267,111,280,tailing
tailing159.jpg,101,316,111,331,tailing
tailing159.jpg,118,138,235,241,tailing
tailing159.jpg,92,282,99,287,tailing
tailing159.jpg,92,334,99,340,tailing
tailing159.jpg,287,174,315,208,tailing
tailing153.jpg,132,300,212,346,tailing
tailing153.jpg,132,274,212,317,tailing
tailing153.jpg,180,221,318,348,tailing
tailing153.jpg,180,138,318,292,tailing
tailing153.jpg,101,295,130,329,tailing
tailing153.jpg,101,269,130,301,tailing
tailing153.jpg,98,380,176,386,tailing
tailing153.jpg,98,330,176,337,tailing
tailing153.jpg,98,347,176,353,tailing
tailing153.jpg,103,295,133,331,tailing
tailing153.jpg,103,270,133,303,tailing
tailing153.jpg,115,349,175,376,tailing
tailing153.jpg,115,293,175,325,tailing
tailing153.jpg,115,319,175,343,tailing
tailing153.jpg,110,322,130,342,tailing
tailing153.jpg,110,294,130,313,tailing
tailing153.jpg,128,299,147,322,tailing
tailing153.jpg,128,273,147,294,tailing
tailing153.jpg,105,371,176,380,tailing
tailing153.jpg,105,320,176,331,tailing
tailing153.jpg,105,339,176,347,tailing
tailing153.jpg,109,297,141,333,tailing
tailing153.jpg,109,271,141,304,tailing
tailing153.jpg,122,323,146,344,tailing
tailing153.jpg,122,295,146,314,tailing
tailing153.jpg,81,211,182,325,tailing
tailing153.jpg,81,126,182,264,tailing
tailing172.jpg,84,329,88,332,tailing
tailing173.jpg,150,366,203,400,tailing
tailing172.jpg,160,240,210,291,tailing
tailing172.jpg,160,170,210,244,tailing
tailing172.jpg,119,320,145,330,tailing
tailing172.jpg,119,285,145,300,tailing
tailing172.jpg,174,268,186,282,tailing
tailing172.jpg,117,372,132,386,tailing
tailing172.jpg,117,361,132,380,tailing
tailing172.jpg,168,294,182,317,tailing
tailing172.jpg,168,247,182,281,tailing
tailing172.jpg,95,313,117,326,tailing
tailing173.jpg,270,290,275,294,tailing
tailing173.jpg,122,329,136,349,tailing
tailing172.jpg,132,215,146,229,tailing
tailing187.jpg,307,212,317,220,tailing
tailing187.jpg,349,251,360,261,tailing
tailing187.jpg,314,251,325,261,tailing
tailing187.jpg,307,251,317,261,tailing
tailing187.jpg,301,209,312,218,tailing
tailing187.jpg,300,202,311,210,tailing
tailing187.jpg,341,239,353,249,tailing
tailing187.jpg,307,239,318,249,tailing
tailing187.jpg,300,239,311,249,tailing
tailing187.jpg,294,200,305,208,tailing
tailing187.jpg,304,207,314,215,tailing
tailing187.jpg,345,245,356,255,tailing
tailing187.jpg,311,245,321,255,tailing
tailing187.jpg,304,245,314,255,tailing
tailing187.jpg,297,204,308,213,tailing
tailing187.jpg,261,163,266,166,tailing
tailing187.jpg,235,163,240,166,tailing
tailing187.jpg,230,163,235,166,tailing
tailing187.jpg,240,155,254,160,tailing
tailing187.jpg,216,155,228,160,tailing
tailing187.jpg,212,155,223,160,tailing
tailing187.jpg,203,223,217,231,tailing
tailing187.jpg,250,272,265,282,tailing
tailing187.jpg,226,272,238,282,tailing
tailing187.jpg,220,272,233,282,tailing
tailing187.jpg,208,228,222,236,tailing
tailing187.jpg,233,157,259,167,tailing
tailing187.jpg,210,157,234,167,tailing
tailing187.jpg,205,157,228,167,tailing
tailing187.jpg,84,96,96,111,tailing
tailing187.jpg,122,102,139,114,tailing
tailing187.jpg,207,232,234,250,tailing
tailing187.jpg,255,283,283,303,tailing
tailing187.jpg,230,283,255,303,tailing
tailing187.jpg,224,283,249,303,tailing
tailing187.jpg,212,237,239,254,tailing
tailing187.jpg,140,156,235,227,tailing
tailing187.jpg,185,196,284,276,tailing
tailing187.jpg,166,196,256,276,tailing
tailing187.jpg,163,196,250,276,tailing
tailing187.jpg,146,163,240,231,tailing
tailing187.jpg,219,153,233,162,tailing
tailing187.jpg,198,153,209,162,tailing
tailing187.jpg,193,153,205,162,tailing
tailing187.jpg,292,215,306,238,tailing
tailing187.jpg,263,215,276,238,tailing
tailing187.jpg,257,215,270,238,tailing
tailing187.jpg,247,179,261,199,tailing
tailing187.jpg,133,115,173,134,tailing
tailing187.jpg,120,115,156,134,tailing
tailing187.jpg,249,143,299,203,tailing
tailing187.jpg,262,153,308,210,tailing
tailing187.jpg,298,181,350,249,tailing
tailing187.jpg,268,181,315,249,tailing
tailing187.jpg,262,181,308,249,tailing
tailing187.jpg,221,164,235,176,tailing
tailing187.jpg,199,164,211,176,tailing
tailing187.jpg,194,164,207,176,tailing
tailing187.jpg,137,273,174,315,tailing
tailing187.jpg,160,278,194,318,tailing
tailing187.jpg,182,329,220,376,tailing
tailing187.jpg,164,329,198,376,tailing
tailing187.jpg,160,329,194,376,tailing
tailing187.jpg,144,276,179,317,tailing
tailing187.jpg,289,177,294,184,tailing
tailing187.jpg,260,177,265,184,tailing
tailing187.jpg,254,177,259,184,tailing
tailing187.jpg,245,146,250,152,tailing
tailing189.jpg,326,171,351,192,tailing
tailing189.jpg,114,199,147,236,tailing
tailing189.jpg,89,163,97,178,tailing
tailing189.jpg,98,162,103,176,tailing
tailing189.jpg,282,265,299,293,tailing
tailing189.jpg,320,240,348,284,tailing
tailing208.jpg,199,236,204,245,tailing
tailing208.jpg,179,247,184,256,tailing
tailing210.jpg,318,286,327,292,tailing
tailing208.jpg,204,233,214,239,tailing
tailing208.jpg,184,245,192,251,tailing
tailing210.jpg,328,284,342,288,tailing
tailing208.jpg,48,220,201,299,tailing
tailing208.jpg,43,239,181,309,tailing
tailing210.jpg,76,280,323,332,tailing
tailing209.jpg,97,193,212,267,tailing
tailing210.jpg,224,287,238,297,tailing
tailing221.jpg,85,98,122,138,tailing
tailing221.jpg,86,91,123,127,tailing
tailing219.jpg,300,267,310,277,tailing
tailing221.jpg,296,273,306,284,tailing
tailing221.jpg,296,253,306,262,tailing
tailing221.jpg,307,253,317,262,tailing
tailing221.jpg,324,253,334,262,tailing
tailing221.jpg,300,253,310,262,tailing
tailing219.jpg,111,83,153,110,tailing
tailing219.jpg,151,118,158,126,tailing
tailing219.jpg,237,239,252,250,tailing
tailing221.jpg,234,244,249,256,tailing
tailing221.jpg,223,226,239,237,tailing
tailing221.jpg,243,226,258,237,tailing
tailing221.jpg,256,226,272,237,tailing
tailing221.jpg,237,226,252,237,tailing
tailing219.jpg,298,249,303,258,tailing
tailing221.jpg,294,255,299,264,tailing
tailing221.jpg,294,236,299,244,tailing
tailing221.jpg,305,236,310,244,tailing
tailing221.jpg,322,236,327,244,tailing
tailing221.jpg,298,236,303,244,tailing
tailing219.jpg,244,233,274,252,tailing
tailing221.jpg,241,238,271,258,tailing
tailing221.jpg,231,220,263,238,tailing
tailing221.jpg,250,220,281,238,tailing
tailing221.jpg,264,220,296,238,tailing
tailing221.jpg,244,220,274,238,tailing
tailing219.jpg,220,257,230,268,tailing
tailing221.jpg,205,243,216,253,tailing
tailing221.jpg,217,263,227,274,tailing
tailing221.jpg,225,243,236,253,tailing
tailing221.jpg,237,243,248,253,tailing
tailing221.jpg,220,243,230,253,tailing
tailing219.jpg,200,307,212,339,tailing
tailing221.jpg,184,290,197,321,tailing
tailing221.jpg,197,314,209,347,tailing
tailing221.jpg,197,290,209,321,tailing
tailing221.jpg,205,290,217,321,tailing
tailing221.jpg,197,287,209,318,tailing
tailing221.jpg,216,290,229,321,tailing
tailing221.jpg,200,290,212,321,tailing
tailing219.jpg,109,147,119,155,tailing
tailing221.jpg,107,150,117,159,tailing
tailing221.jpg,109,139,119,147,tailing
tailing219.jpg,283,270,304,281,tailing
tailing221.jpg,272,256,293,266,tailing
tailing221.jpg,279,277,300,287,tailing
tailing221.jpg,290,256,311,266,tailing
tailing221.jpg,305,256,328,266,tailing
tailing221.jpg,283,256,304,266,tailing
tailing219.jpg,306,236,317,255,tailing
tailing221.jpg,302,241,314,261,tailing
tailing221.jpg,302,223,314,241,tailing
tailing221.jpg,313,223,325,241,tailing
tailing221.jpg,330,223,343,241,tailing
tailing221.jpg,306,223,317,241,tailing
tailing219.jpg,267,266,279,275,tailing
tailing221.jpg,255,252,267,260,tailing
tailing221.jpg,264,272,275,282,tailing
tailing221.jpg,274,252,285,260,tailing
tailing221.jpg,289,252,301,260,tailing
tailing221.jpg,267,252,279,260,tailing
tailing219.jpg,219,250,228,257,tailing
tailing221.jpg,217,256,225,263,tailing
tailing221.jpg,205,237,214,243,tailing
tailing221.jpg,225,237,233,243,tailing
tailing221.jpg,237,237,246,243,tailing
tailing221.jpg,219,237,228,243,tailing
tailing219.jpg,310,257,318,268,tailing
tailing221.jpg,306,263,314,274,tailing
tailing221.jpg,306,243,314,253,tailing
tailing221.jpg,318,243,326,253,tailing
tailing221.jpg,335,243,343,253,tailing
tailing221.jpg,310,243,318,253,tailing
tailing219.jpg,181,296,198,316,tailing
tailing221.jpg,164,280,183,299,tailing
tailing221.jpg,178,303,196,324,tailing
tailing221.jpg,178,280,196,299,tailing
tailing221.jpg,169,264,187,285,tailing
tailing221.jpg,185,280,203,299,tailing
tailing221.jpg,195,280,214,299,tailing
tailing221.jpg,181,280,198,299,tailing
tailing219.jpg,102,157,108,164,tailing
tailing221.jpg,101,161,107,168,tailing
tailing221.jpg,105,148,111,155,tailing
tailing221.jpg,102,148,108,155,tailing
tailing219.jpg,267,276,284,283,tailing
tailing221.jpg,255,261,273,268,tailing
tailing221.jpg,264,283,280,290,tailing
tailing221.jpg,273,261,291,268,tailing
tailing221.jpg,288,261,306,268,tailing
tailing221.jpg,267,261,284,268,tailing
tailing219.jpg,163,263,206,307,tailing
tailing221.jpg,146,249,190,290,tailing
tailing221.jpg,161,269,203,314,tailing
tailing221.jpg,167,249,211,290,tailing
tailing221.jpg,161,244,203,287,tailing
tailing221.jpg,176,249,222,290,tailing
tailing221.jpg,163,249,206,290,tailing
tailing219.jpg,253,232,262,239,tailing
tailing221.jpg,250,237,258,245,tailing
tailing221.jpg,259,219,268,227,tailing
tailing221.jpg,240,219,249,227,tailing
tailing221.jpg,273,219,282,227,tailing
tailing221.jpg,253,219,262,227,tailing
tailing219.jpg,204,249,212,258,tailing
tailing221.jpg,202,255,210,264,tailing
tailing221.jpg,189,236,197,244,tailing
tailing221.jpg,209,236,218,244,tailing
tailing221.jpg,220,236,229,244,tailing
tailing221.jpg,204,236,212,244,tailing
tailing219.jpg,293,258,313,270,tailing
tailing221.jpg,282,244,303,255,tailing
tailing221.jpg,289,264,309,276,tailing
tailing221.jpg,300,244,321,255,tailing
tailing221.jpg,316,244,338,255,tailing
tailing221.jpg,293,244,313,255,tailing
tailing219.jpg,119,134,126,142,tailing
tailing221.jpg,118,138,125,145,tailing
tailing244.jpg,126,85,144,101,tailing
tailing244.jpg,123,133,276,266,tailing
tailing263.jpg,0,0,30,298,tailing
tailing263.jpg,41,72,170,322,tailing
tailing262.jpg,395,169,400,236,tailing
tailing263.jpg,151,94,275,182,tailing
tailing263.jpg,296,167,354,233,tailing
tailing262.jpg,391,247,400,331,tailing
tailing263.jpg,144,196,282,305,tailing
tailing263.jpg,293,244,358,327,tailing
tailing263.jpg,310,100,336,168,tailing
tailing263.jpg,354,171,372,223,tailing
tailing262.jpg,355,249,383,277,tailing
tailing263.jpg,88,198,132,235,tailing
tailing263.jpg,266,246,287,274,tailing
tailing262.jpg,255,215,344,276,tailing
tailing263.jpg,63,155,163,234,tailing
tailing263.jpg,0,155,70,234,tailing
